{"cameraMode":{"drawMode":0,"name":"Shaded","section":"Shading Mode"},"sceneLighting":true,"audioPlay":false,"sceneViewState":{"m_AlwaysRefresh":false,"showFog":false,"showSkybox":true,"showFlares":true,"showImageEffects":true,"showParticleSystems":true,"showVisualEffectGraphs":true,"m_FxEnabled":true},"in2DMode":false,"pivot":{"x":111.58480072021485,"y":91.70838928222656,"z":176.4562225341797},"rotation":{"x":0.14572833478450776,"y":-0.22695186734199525,"z":-0.03437088802456856,"w":-0.9623345136642456},"size":127.96341705322266,"orthographic":false}