{"cameraMode":{"drawMode":0,"name":"Shaded","section":"Shading Mode"},"sceneLighting":false,"audioPlay":false,"sceneViewState":{"showFog":false,"showMaterialUpdate":false,"showSkybox":false,"showFlares":true,"showImageEffects":true,"showParticleSystems":true,"showVisualEffectGraphs":true,"m_FxEnabled":true},"in2DMode":false,"pivot":{"x":-0.7500256299972534,"y":1.1508893966674805,"z":-1.3689942359924317},"rotation":{"x":-0.35205620527267458,"y":-0.033687032759189609,"z":0.012681710533797741,"w":-0.9352908134460449},"size":4.311934947967529,"orthographic":false}